Chapter,Section,Topics
1,,"Motion, Velocity, Acceleration"
2,,"1D Kinematics"
3,,"Vectors"
4,,"2D kinematics"
5,,"Force and Motion, Newton's 1st and 2nd laws"
6,,"Equilibrium, Mass, Weight, Gravity, Friction, Drag, motion along a line"
7,,"Newton's third law"
8,,"Dynamics in a plane"
9,,"Impulse and momentum"
10,,"Energy"
11,,"Work"
12,,"Rotation of a rigid body"
13,,"Newton's theory of Gravity"
14,,"Oscillations"
15,,"Fluids and elasticity"
16,,"Macroscopic description of matter"
17,,"Work, heat, 1st law of thermodynamics"
18,,"Micro/macro connection for gas/thermo, entropy, 2nd law"
19,,"Heat engines and refrigerators"
